<annotation>
	<folder>image</folder>
	<filename>barbecue440.png</filename>
	<path>D:\tensorflow\workspace\yolov3-gpu\origin_image_xml\image\barbecue440.png</path>
	<source>
		<database>Unknown</database>
	</source>
	<size>
		<width>224</width>
		<height>224</height>
		<depth>3</depth>
	</size>
	<segmented>0</segmented>
	<object>
		<name>fire</name>
		<pose>Unspecified</pose>
		<truncated>0</truncated>
		<difficult>0</difficult>
		<bndbox>
			<xmin>63</xmin>
			<ymin>73</ymin>
			<xmax>118</xmax>
			<ymax>200</ymax>
		</bndbox>
	</object>
</annotation>
