<annotation>
	<folder>images</folder>
	<filename>barbecue2.png</filename>
	<path>D:\tensorflow\workspace\training_demo\images\barbecue2.png</path>
	<source>
		<database>Unknown</database>
	</source>
	<size>
		<width>224</width>
		<height>224</height>
		<depth>3</depth>
	</size>
	<segmented>0</segmented>
	<object>
		<name>fire</name>
		<pose>Unspecified</pose>
		<truncated>0</truncated>
		<difficult>0</difficult>
		<bndbox>
			<xmin>78</xmin>
			<ymin>41</ymin>
			<xmax>123</xmax>
			<ymax>190</ymax>
		</bndbox>
	</object>
</annotation>
