<annotation>
	<folder>images</folder>
	<filename>barbecue53.png</filename>
	<path>D:\tensorflow\workspace\training_demo\images\barbecue53.png</path>
	<source>
		<database>Unknown</database>
	</source>
	<size>
		<width>224</width>
		<height>224</height>
		<depth>3</depth>
	</size>
	<segmented>0</segmented>
	<object>
		<name>fire</name>
		<pose>Unspecified</pose>
		<truncated>0</truncated>
		<difficult>0</difficult>
		<bndbox>
			<xmin>81</xmin>
			<ymin>71</ymin>
			<xmax>132</xmax>
			<ymax>193</ymax>
		</bndbox>
	</object>
</annotation>
