<annotation>
	<folder>image</folder>
	<filename>barbecue465.png</filename>
	<path>D:\tensorflow\workspace\yolov3-gpu\origin_image_xml\image\barbecue465.png</path>
	<source>
		<database>Unknown</database>
	</source>
	<size>
		<width>224</width>
		<height>224</height>
		<depth>3</depth>
	</size>
	<segmented>0</segmented>
	<object>
		<name>fire</name>
		<pose>Unspecified</pose>
		<truncated>0</truncated>
		<difficult>0</difficult>
		<bndbox>
			<xmin>84</xmin>
			<ymin>91</ymin>
			<xmax>115</xmax>
			<ymax>194</ymax>
		</bndbox>
	</object>
</annotation>
