<annotation>
	<folder>images</folder>
	<filename>barbecue33.png</filename>
	<path>D:\tensorflow\workspace\training_demo\images\barbecue33.png</path>
	<source>
		<database>Unknown</database>
	</source>
	<size>
		<width>224</width>
		<height>224</height>
		<depth>3</depth>
	</size>
	<segmented>0</segmented>
	<object>
		<name>fire</name>
		<pose>Unspecified</pose>
		<truncated>0</truncated>
		<difficult>0</difficult>
		<bndbox>
			<xmin>89</xmin>
			<ymin>62</ymin>
			<xmax>137</xmax>
			<ymax>195</ymax>
		</bndbox>
	</object>
</annotation>
